{
    "CHINESETTS_CATEGORY": "Chinese TTS",
    "CHINESETTS_INIT": "init chinese TTS module pin RX %1 TX %2",
    "CHINESETTS_SAY": "chinese TTS module say %1",
    "CHINESETTS_SAYUNTILLFINISH": "chinese TTS module say %1 untill finish",
    "CHINESETTS_PLAYSOUND": "chinese TTS module play sound %1",
    "CHINESETTS_PLAYSOUNDUNTILLFINISH": "chinese TTS module play sound %1 untill finish",
    "CHINESETTS_SETVOLUME": "chinese TTS module set volume %1",
    "CHINESETTS_SETSPEECHRATE": "chinese TTS module set speech rate %1",
    "CHINESETTS_SETPOWERONPROMPT": "chinese TTS module set sound of power on prompt %1",
    "CHINESETTS_STATE_OFF": "off"
}