{
    "PS2_CATEGORY": "PS2",
    "PS2_INIT": "init ps2 receiver pin DIN %1 DOUT %2 CS %3 CLK %4",
    "PS2_READDATA": "read PS2 receiver data",
    "PS2_GETBUTTON": "PS2 %1 button is pressed?",
    "PS2_UP": "up",
    "PS2_DOWN": "down",
    "PS2_LEFT": "left",
    "PS2_RIGHT": "right",
    "PS2_TRIANGLE": "triangle",
    "PS2_CIRCLE": "circle",
    "PS2_CROSS": "cross",
    "PS2_SQUARE": "square",
    "PS2_SELECT": "select",
    "PS2_START": "start",
    "PS2_GETJOYSTICK": "PS2 get joystick %1"
}